,Link,Title,Category,Price,SaLe Price,Discount
0,https://www.nike.com/in/t/metcon-7-training-shoes-MVtzlX/CZ8281-074,Nike Metcon 7,Training Shoes,"11,495","9,197",19.99%
1,https://www.nike.com/in/t/air-huarache-liverpool-fc-shoes-jJ5CL3/DN5080-100,Nike Air Huarache Premium Liverpool F.C.,Shoes,"11,495","9,197",19.99%
2,https://www.nike.com/in/t/air-max-95-se-shoe-FqDnxl/DH4755-200,Nike Air Max 95 SE,Men's Shoes,"15,995","12,797",19.99%
3,https://www.nike.com/in/t/metcon-7-amp-training-shoes-htSGZr/DC9510-199,Nike Metcon 7 AMP,Training Shoes,"13,495","10,797",19.99%
4,https://www.nike.com/in/t/liverpool-fc-2021-22-stadium-home-football-shirt-gcNpBV/DB2560-688,Liverpool F.C. 2021/22 Stadium Home,Men's Football Shirt,"4,695","3,757",19.98%
5,https://www.nike.com/in/t/lebron-19-basketball-shoe-5dpw6F/DC9338-400,LeBron 19,Basketball Shoe,"17,595","14,077",19.99%
6,https://www.nike.com/in/t/air-force-1-low-sp-shoes-BZL91g/DM8462-400,Nike Air Force 1 Low SP,Shoes,"10,295","8,237",19.99%
7,https://www.nike.com/in/t/zoom-fly-4-road-running-shoes-rTFHwQ/CT2392-002,Nike Zoom Fly 4,Men's Road Running Shoes,"14,495","11,597",19.99%
8,https://www.nike.com/in/t/dri-fit-woven-graphic-training-shorts-bjlNgG/DD1738-455,Nike Dri-FIT,Men's Woven Graphic Training Shorts,"2,395","1,917",19.96%
9,https://www.nike.com/in/t/crater-impact-shoes-MrrCn3/DB2477-300,Nike Crater Impact,Men's Shoes,"8,295","6,637",19.99%
10,https://www.nike.com/in/t/air-force-1-07-shroud-shoes-87Xwh7/DC8875-100,Nike Air Force 1 '07 Shroud,Men's Shoes,"11,495","9,197",19.99%
11,https://www.nike.com/in/t/jordan-air-nfh-shoes-1msFvZ/CZ3984-006,Jordan Air NFH,Shoes,"9,295","7,437",19.99%
12,https://www.nike.com/in/t/jordan-ma2-shoe-qw1Z6m/CV8122-003,Jordan MA2,Shoe,"10,895","8,717",19.99%
13,https://www.nike.com/in/t/air-max-90-shoe-Rr3hDm/DA1641-003,Nike Air Max 90 Premium,Men's Shoe,"12,495","9,997",19.99%
14,https://www.nike.com/in/t/flex-woven-training-shorts-NBsnx7/CU4946-451,Nike Flex,Men's Woven Training Shorts,"1,795","1,437",19.94%
15,https://www.nike.com/in/t/waffle-one-shoes-dlDVR1/DO2380-200,Nike Waffle One,Men's Shoes,"9,295","7,437",19.99%
16,https://www.nike.com/in/t/jordan-23-engineered-woven-trousers-QxLqVW/DC9658-010,Jordan 23 Engineered,Men's Woven Trousers,"8,495","6,797",19.99%
17,https://www.nike.com/in/t/dri-fit-flex-woven-training-shorts-npjtqb/DD2004-058,Nike Dri-FIT,Men's Flex Woven Training Shorts,"2,395","1,917",19.96%
18,https://www.nike.com/in/t/jordan-series-es-shoes-FDtg9v/DN1856-106,Jordan Series ES,Men's Shoes,"7,495","5,997",19.99%
19,https://www.nike.com/in/t/glide-flyease-shoes-6Q3K45/DN4918-001,Nike Glide FlyEase,Shoes,"10,295","8,237",19.99%
20,https://www.nike.com/in/t/sportswear-swoosh-t-shirt-hcjlgq/DM6344-010,Nike Sportswear Swoosh,Men's T-Shirt,"1,795","1,437",19.94%
21,https://www.nike.com/in/t/air-max-90-shoes-7nQqVj/DC6083-500,Nike Air Max 90,Men's Shoes,"12,495","9,997",19.99%
22,https://www.nike.com/in/t/jordan-23-engineered-fleece-pullover-hoodie-hc6P05/DJ0202-371,Jordan 23 Engineered,Men's Fleece Pullover Hoodie,"8,995","7,197",19.99%
23,https://www.nike.com/in/t/kyrie-flytrap-4-ep-basketball-shoe-qzg21C/CT1973-006,Kyrie Flytrap 4 EP,Basketball Shoe,"8,195","6,557",19.99%
24,https://www.nike.com/in/t/dri-fit-wild-run-challenger-18cm-brief-lined-running-shorts-P5nRVn/DD6297-077,Nike Dri-FIT Wild Run Challenger,Men's 18cm (approx.) Brief-Lined Running Shorts,"2,095","1,677",19.95%
25,https://www.nike.com/in/t/air-max-ap-shoes-3Rdq04/CU4826-004,Nike Air Max AP,Men's Shoes,"8,295","6,637",19.99%
26,https://www.nike.com/in/t/zoomx-invincible-run-flyknit-road-running-shoes-b1XP3r/CT2228-401,Nike ZoomX Invincible Run Flyknit,Men's Road Running Shoes,"16,595","13,277",19.99%
27,https://www.nike.com/in/t/air-max-pre-day-shoes-HFHMFg/DO2381-737,Nike Air Max Pre-Day,Men's Shoes,"12,495","9,997",19.99%
28,https://www.nike.com/in/t/paul-george-clippers-statement-edition-2020-jordan-nba-swingman-jersey-7mw3DH/CV9480-012,Paul George Clippers Statement Edition 2020,Jordan NBA Swingman Jersey,"4,995","3,997",19.98%
29,https://www.nike.com/in/t/kyrie-infinity-ep-basketball-shoes-QJ01t9/DC9134-500,Kyrie Infinity EP,Basketball Shoes,"11,495","9,197",19.99%
30,https://www.nike.com/in/t/react-infinity-run-flyknit-2-road-running-shoes-Qfh63N/CT2357-002,Nike React Infinity Run Flyknit 2,Men's Road Running Shoes,"14,495","11,597",19.99%
31,https://www.nike.com/in/t/acg-air-mowabb-shoes-mSJ83H/DM0840-001,Nike ACG Air Mowabb,Shoes,"14,495","11,597",19.99%
32,https://www.nike.com/in/t/sb-nyjah-free-2-skate-shoes-cXNdqq/CU9220-700,Nike SB Nyjah Free 2,Skate Shoes,"8,195","6,557",19.99%
33,https://www.nike.com/in/t/los-angeles-lakers-diamond-icon-edition-dri-fit-nba-swingman-jersey-2mWP2V/DB3576-731,Los Angeles Lakers Diamond Icon Edition,Nike Dri-FIT NBA Swingman Jersey,"6,495","5,197",19.98%
34,https://www.nike.com/in/t/dunk-high-1985-sp-shoes-Kwc210/DD9404-800,Nike Dunk High 1985 SP,Shoes,"11,495","9,197",19.99%
35,https://www.nike.com/in/t/air-max-90-laser-shoes-NJsqBK/DH4689-200,Nike Air Max 90 Laser,Men's Shoes,"17,595","14,077",19.99%
36,https://www.nike.com/in/t/nikecourt-air-zoom-gp-turbo-hard-court-tennis-shoes-H2KvSk/CK7513-005,NikeCourt Air Zoom GP Turbo,Men's Hard Court Tennis Shoes,"12,495","9,997",19.99%
37,https://www.nike.com/in/t/air-max-97-se-shoes-FvBZ0j/DH1085-001,Nike Air Max 97 SE,Men's Shoes,"16,595","13,277",19.99%
38,https://www.nike.com/in/t/renew-elevate-2-basketball-shoe-JKX5j9/CW3406-002,Nike Renew Elevate 2,Basketball Shoe,"6,795","5,437",19.99%
39,https://www.nike.com/in/t/air-zoom-gt-run-basketball-shoes-Ls9vF6/CZ0202-200,Nike Air Zoom G.T. Run,Basketball Shoes,"16,595","13,277",19.99%
40,https://www.nike.com/in/t/glide-flyease-shoe-71zmgZ/DN4919-001,Nike Glide FlyEase,Shoe,"10,295","8,237",19.99%
41,https://www.nike.com/in/t/air-zoom-structure-24-road-running-shoes-9wCgmv/DA8535-002,Nike Air Zoom Structure 24,Men's Road Running Shoes,"10,295","8,237",19.99%
42,https://www.nike.com/in/t/nikecourt-lite-2-hard-court-tennis-shoe-RzbD9h/AR8836-005,NikeCourt Lite 2,Men's Hard Court Tennis Shoe,"4,995","3,997",19.98%
43,https://www.nike.com/in/t/sb-nyjah-free-2-skate-shoe-7tHZJZ/BV2078-001,Nike SB Nyjah Free 2,Skate Shoe,"7,995","6,397",19.99%
44,https://www.nike.com/in/t/air-max-pre-day-shoes-jMh2rB/DC9402-800,Nike Air Max Pre-Day,Men's Shoes,"11,495","9,197",19.99%
45,https://www.nike.com/in/t/sb-skate-top-VmWzzP/DH2661-010,Nike SB,Skate Top,"3,995","3,197",19.97%
46,https://www.nike.com/in/t/jordan-23-engineered-shorts-GtWTHg/DJ0234-321,Jordan 23 Engineered,Men's Shorts,"3,995","3,197",19.97%
47,https://www.nike.com/in/t/jordan-dri-fit-air-short-sleeve-graphic-top-fHBkqt/DA2694-687,Jordan Dri-FIT Air,Men's Short-Sleeve Graphic Top,"1,695","1,357",19.94%
48,https://www.nike.com/in/t/jordan-series-3-dear-90s-shoes-Tv50X7/DJ0420-700,Jordan Series .03 'Dear '90s',Shoes,"6,795","5,437",19.99%
49,https://www.nike.com/in/t/dri-fit-training-t-shirt-P1rC51/DH7543-289,Nike Dri-FIT,Men's Training T-Shirt,"1,595","1,277",19.94%
50,https://www.nike.com/in/t/air-zoom-type-crater-shoes-Vn5Wbx/DH9628-200,Nike Air Zoom-Type Crater,Men's Shoe,"13,495","10,797",19.99%
51,https://www.nike.com/in/t/air-presto-shoes-QdhgZW/CT3550-001,Nike Air Presto,Men's Shoes,"11,495","9,197",19.99%
52,https://www.nike.com/in/t/zoom-004-mmw-shoe-f9gPnw/CU0676-201,Nike Zoom 004 X MMW,Shoe,"35,995","28,797",20.00%
53,https://www.nike.com/in/t/lebron-18-dynasty-basketball-shoes-JNqV61/CQ9283-006,LeBron 18 'Dynasty',Basketball Shoes,"17,595","14,077",19.99%
54,https://www.nike.com/in/t/paris-saint-germain-strike-dri-fit-football-tracksuit-gX6BLR/DB6874-026,Paris Saint-Germain Strike,Men's Nike Dri-FIT Football Tracksuit,"6,995","5,597",19.99%
55,https://www.nike.com/in/t/zoom-fly-4-road-running-shoes-Jx98CR/DO2421-739,Nike Zoom Fly 4,Road Running Shoes,"15,995","12,797",19.99%
56,https://www.nike.com/in/t/acg-trolls-short-sleeve-t-shirt-nH5rvQ/DJ5808-817,Nike ACG 'Trolls',Men's Short-Sleeve T-Shirt,"2,195","1,757",19.95%
57,https://www.nike.com/in/t/sportswear-t-shirt-8gPsBX/DD3350-437,Nike Sportswear,Men's T-Shirt,"1,795","1,437",19.94%
58,https://www.nike.com/in/t/sportswear-style-essentials-unlined-cropped-trousers-S14LQP/DD7033-010,Nike Sportswear Style Essentials,Men's Unlined Cropped Trousers,"3,995","3,197",19.97%
59,https://www.nike.com/in/t/zion-tracksuit-top-cr0fqD/DJ5881-010,Zion,Men's Tracksuit Top,"8,995","7,197",19.99%
60,https://www.nike.com/in/t/flow-2020-ispa-shoes-TGfS4n/DM2832-001,Nike Flow 2020 ISPA,Men's Shoes,"16,595","13,277",19.99%
61,https://www.nike.com/in/t/pegasus-trail-3-gore-tex-waterproof-trail-running-shoes-ZKmC2v/DC8793-800,Nike Pegasus Trail 3 GORE-TEX,Men's Waterproof Trail Running Shoes,"14,495","11,597",19.99%
62,https://www.nike.com/in/t/jordan-mountainside-long-sleeve-t-shirt-sQtBws/DC9785-010,Jordan Mountainside,Men's Long-Sleeve T-Shirt,"2,495","1,997",19.96%
63,https://www.nike.com/in/t/fc-barcelona-2021-22-stadium-away-football-shirt-cvf2vn/CV7890-581,F.C. Barcelona 2021/22 Stadium Away,Men's Football Shirt,"4,695","3,757",19.98%
64,https://www.nike.com/in/t/paris-saint-germain-dri-fit-pre-match-football-top-f4mXt7/DB7626-015,Paris Saint-Germain,Men's Nike Dri-FIT Pre-Match Football Top,"3,695","2,957",19.97%
65,https://www.nike.com/in/t/paris-saint-germain-strike-dri-fit-knit-football-pants-1rtT5S/DB6928-025,Paris Saint-Germain Strike,Men's Nike Dri-FIT Knit Football Pants,"3,995","3,197",19.97%
66,https://www.nike.com/in/t/jordan-dri-fit-air-statement-fleece-pullover-hoodie-fmt5dJ/DA9849-010,Jordan Dri-FIT Air,Men's Statement Fleece Pullover Hoodie,"4,495","3,597",19.98%
67,https://www.nike.com/in/t/sportswear-french-terry-pullover-hoodie-BKgCPM/DQ5254-060,Nike Sportswear,Men's French Terry Pullover Hoodie,"3,695","2,957",19.97%
68,https://www.nike.com/in/t/jordan-jumpman-jacket-Wz6mwH/DJ0242-241,Jordan Jumpman,Men's Jacket,"8,995","7,197",19.99%
69,https://www.nike.com/in/t/dri-fit-sport-clash-training-hoodie-FTj11w/DM8132-010,Nike Dri-FIT Sport Clash,Men's Training Hoodie,"3,995","3,197",19.97%
70,https://www.nike.com/in/t/paris-saint-germain-fleece-pullover-hoodie-JRZFKZ/DJ0395-051,Paris Saint-Germain,Men's Fleece Pullover Hoodie,"4,295","3,437",19.98%
71,https://www.nike.com/in/t/dri-fit-wild-run-flex-stride-brief-lined-running-shorts-ZbMqLh/DM4663-565,Nike Dri-FIT Wild Run Flex Stride,Men's Brief-Lined Running Shorts,"3,095","2,477",19.97%
72,https://www.nike.com/in/t/zoomx-vaporfly-next-gyakusou-running-shoes-1zQ19K/CT4894-600,Nike ZoomX Vaporfly Next% x Gyakusou,Running Shoes,"24,995","19,997",20.00%
73,https://www.nike.com/in/t/air-zoom-tempo-next-road-running-shoes-chNfdw/CI9923-007,Nike Air Zoom Tempo NEXT%,Men's Road Running Shoes,"17,595","14,077",19.99%
74,https://www.nike.com/in/t/los-angeles-lakers-city-edition-dri-fit-nba-swingman-shorts-0FFjHC/DB4138-504,Los Angeles Lakers City Edition,Men's Nike Dri-FIT NBA Swingman Shorts,"3,995","3,197",19.97%
75,https://www.nike.com/in/t/aeroswift-running-singlet-mcbr2n/CJ7836-100,Nike AeroSwift,Men's Running Singlet,"3,995","3,197",19.97%
76,https://www.nike.com/in/t/kawhi-leonard-clippers-icon-edition-2020-nba-swingman-jersey-0KknPV/CW3668-402,Kawhi Leonard Clippers Icon Edition 2020,Nike NBA Swingman Jersey,"4,995","3,997",19.98%
77,https://www.nike.com/in/t/dri-fit-run-division-challenger-woven-running-trousers-rzMfb8/DD6004-652,Nike Dri-FIT Run Division Challenger,Men's Woven Running Trousers,"3,995","3,197",19.97%
78,https://www.nike.com/in/t/liverpool-fc-2021-22-match-third-dri-fit-adv-football-shirt-BDjgCc/DB5889-704,Liverpool F.C. 2021/22 Match Third,Men's Nike Dri-FIT ADV Football Shirt,"7,995","6,397",19.99%
79,https://www.nike.com/in/t/los-angeles-lakers-city-edition-dri-fit-nba-swingman-jersey-W4m3x8/DB4032-505,Los Angeles Lakers City Edition,Nike Dri-FIT NBA Swingman Jersey,"6,495","5,197",19.98%
80,https://www.nike.com/in/t/jordan-jumpman-fleece-pullover-hoodie-psqRq3/DC9604-097,Jordan Jumpman,Men's Fleece Pullover Hoodie,"3,995","3,197",19.97%
81,https://www.nike.com/in/t/liverpool-fc-strike-short-sleeve-football-top-zN70MS/DB0268-392,Liverpool F.C. Strike,Men's Short-Sleeve Football Top,"2,495","1,997",19.96%
82,https://www.nike.com/in/t/dri-fit-giannis-swoosh-freak-basketball-long-sleeve-t-shirt-HBrcn9/DN2943-010,Nike Dri-FIT Giannis Swoosh Freak,Men's Basketball Long-Sleeve T-Shirt,"2,195","1,757",19.95%
83,https://www.nike.com/in/t/sb-skate-crew-t8Lnn2/DH2637-133,Nike SB,Skate Crew,"4,295","3,437",19.98%
84,https://www.nike.com/in/t/air-sesh-shoes-jCBMQW/DD3680-001,Nike Air Sesh,Shoes,"9,295","7,437",19.99%
85,https://www.nike.com/in/t/free-metcon-4-training-shoes-hr4JbW/CT3886-074,Nike Free Metcon 4,Training Shoes,"10,295","8,237",19.99%
86,https://www.nike.com/in/t/sportswear-woven-flow-shorts-5704xS/AR2383-869,Nike Sportswear,Men's Woven Flow Shorts,"2,295","1,837",19.96%
87,https://www.nike.com/in/t/air-max-genome-shoes-nxMDJ2/DB0249-002,Nike Air Max Genome,Men's Shoes,"15,495","12,397",19.99%
88,https://www.nike.com/in/t/flex-stride-13cm-brief-running-shorts-j1wq3N/CJ5454-010,Nike Flex Stride,Men's 13cm (approx.) Brief Running Shorts,"2,795","2,237",19.96%
89,https://www.nike.com/in/t/sportswear-style-essentials-woven-button-up-top-4dqFTx/DM6640-104,Nike Sportswear Style Essentials,Men's Woven Button-Up Top,"5,495","4,397",19.98%
90,https://www.nike.com/in/t/malaysia-2020-stadium-home-football-shirt-pZ6swZ/CD0716-719,Malaysia 2020 Stadium Home,Men's Football Shirt,"4,695","3,757",19.98%
91,https://www.nike.com/in/t/pro-flex-vent-max-shorts-bWzQgH/CJ1958-451,Nike Pro Flex Vent Max,Men's Shorts,"2,795","2,237",19.96%
92,https://www.nike.com/in/t/paris-saint-germain-elite-away-dri-fit-adv-football-drill-top-Vq7qDz/DH0750-010,Paris Saint-Germain Elite Away,Men's Nike Dri-FIT ADV Football Drill Top,"5,995","4,797",19.98%
93,https://www.nike.com/in/t/brooklyn-nets-city-edition-dri-fit-nba-swingman-jersey-WszLpS/DB4018-400,Brooklyn Nets City Edition,Nike Dri-FIT NBA Swingman Jersey,"6,495","5,197",19.98%
94,https://www.nike.com/in/t/sb-zoom-blazer-mid-prm-skate-shoes-RdNrlK/DC8903-400,Nike SB Zoom Blazer Mid PRM,Skate Shoes,"9,795","7,837",19.99%
95,https://www.nike.com/in/t/air-max-96-ii-shoes-J0szvR/DC9409-200,Nike Air Max 96 II,Men's Shoes,"14,495","11,597",19.99%
96,https://www.nike.com/in/t/air-max-90-shoes-6zXfRN/DM8171-200,Nike Air Max 90,Men's Shoes,"11,895","9,517",19.99%
97,https://www.nike.com/in/t/sportswear-t-shirt-RkpSBq/DO3420-657,Nike Sportswear,Men's T-Shirt,"1,795","1,437",19.94%
98,https://www.nike.com/in/t/jordan-jumpman-t-shirt-TNzQvK/DH8972-100,Jordan Jumpman,Men's T-Shirt,"1,795","1,437",19.94%
99,https://www.nike.com/in/t/dri-fit-basketball-shorts-JJVwFv/BV9386-010,Nike Dri-FIT,Basketball Shorts,"1,695","1,357",19.94%
100,https://www.nike.com/in/t/dri-fit-training-tank-w4v1mr/DH0214-033,Nike Dri-FIT,Men's Training Tank,"1,795","1,437",19.94%
101,https://www.nike.com/in/t/jordan-statement-essentials-warm-up-trousers-31H9hW/DH9040-241,Jordan Statement Essentials,Men's Warm-Up Trousers,"4,995","3,997",19.98%
102,https://www.nike.com/in/t/new-orleans-pelicans-city-edition-dri-fit-nba-swingman-jersey-MF7LdM/DB4037-100,New Orleans Pelicans City Edition,Nike Dri-FIT NBA Swingman Jersey,"6,495","5,197",19.98%
103,https://www.nike.com/in/t/air-max-95-shoes-FJRr6S/DH9792-100,Nike Air Max 95,Shoes,"16,595","13,277",19.99%
104,https://www.nike.com/in/t/nikecourt-slam-tennis-polo-8fxSng/DD8310-634,NikeCourt Slam,Men's Tennis Polo,"4,995","3,997",19.98%
105,https://www.nike.com/in/t/fc-t-shirt-ff4Gks/DH7445-010,Nike F.C.,Men's T-Shirt,"1,795","1,437",19.94%
106,https://www.nike.com/in/t/lebron-18-low-mimi-plange-higher-learning-basketball-shoes-lCZ1gS/CV7562-102,LeBron 18 Low x Mimi Plange 'Higher Learning',Basketball Shoes,"14,495","11,597",19.99%
107,https://www.nike.com/in/t/kepa-kai-slides-jwXChS/AO3621-408,Nike Kepa Kai,Men's Slides,"1,995","1,597",19.95%
108,https://www.nike.com/in/t/blazer-low-shoes-PmgCt4/DA2045-201,Nike Blazer Low X,Men's Shoes,"8,195","6,557",19.99%
109,https://www.nike.com/in/t/sb-skate-hoodie-CxJHDH/DH2882-410,Nike SB,Skate Hoodie,"3,795","3,037",19.97%
110,https://www.nike.com/in/t/flex-run-2021-road-running-shoes-9F8kgv/CW3408-002,Nike Flex Run 2021,Men's Road Running Shoes,"6,795","5,437",19.99%
111,https://www.nike.com/in/t/dri-fit-golf-shorts-QNrCtG/CU9741-010,Nike Dri-FIT,Men's Golf Shorts,"3,295","2,637",19.97%
112,https://www.nike.com/in/t/zoomx-superrep-surge-endurance-class-shoe-qZ51xw/CU7627-093,Nike ZoomX SuperRep Surge,Men's Endurance Class Shoe,"12,495","9,997",19.99%
113,https://www.nike.com/in/t/acg-t-shirt-pm1gPn/DQ1816-469,Nike ACG,Men's T-Shirt,"2,195","1,757",19.95%
114,https://www.nike.com/in/t/jordan-jumpman-trousers-7vVBkS/DC9663-010,Jordan Jumpman,Men's Trousers,"4,295","3,437",19.98%
115,https://www.nike.com/in/t/jordan-sport-dna-jacket-HFSVjD/DJ0252-455,Jordan Sport DNA,Men's Jacket,"5,995","4,797",19.98%
116,https://www.nike.com/in/t/zoomx-dragoy-athletics-distance-spikes-5qvQQ8/CV0400-700,Nike ZoomX Dragonfly,Athletics Distance Spikes,"12,995","10,397",19.99%
117,https://www.nike.com/in/t/glide-flyease-shoes-6Q3K45/DN4918-001,Nike Glide FlyEase,Shoes,"10,295","8,237",19.99%
118,https://www.nike.com/in/t/adv-run-division-running-tights-40fSxh/DD9637-010,Nike Therma-FIT ADV Run Division,Men's Running Tights,"6,295","5,037",19.98%
119,https://www.nike.com/in/t/nikecourt-zoom-nxt-hard-court-tennis-shoes-MPFhX3/DH0219-136,NikeCourt Zoom NXT,Men's Hard Court Tennis Shoes,"12,995","10,397",19.99%
120,https://www.nike.com/in/t/dri-fit-sport-clash-knit-training-shorts-ZSj4VS/DD1897-350,Nike Dri-FIT Sport Clash,Men's Knit Training Shorts,"2,395","1,917",19.96%
121,https://www.nike.com/in/t/jordan-air-dri-fit-t-shirt-0qfWqk/DH8924-100,Jordan Air Dri-FIT,Men's T-Shirt,"2,195","1,757",19.95%
122,https://www.nike.com/in/t/air-zoom-superrep-3-hiit-class-shoes-dSzQgH/DC9115-004,Nike Air Zoom SuperRep 3,Men's HIIT Class Shoes,"10,295","8,237",19.99%
123,https://www.nike.com/in/t/dri-fit-flex-stride-wild-run-unlined-18cm-running-shorts-cqNS0C/DD5341-045,Nike Dri-FIT Flex Stride Wild Run,Men's Unlined 18cm (approx.) Running Shorts,"2,795","2,237",19.96%
124,https://www.nike.com/in/t/dri-fit-sport-clash-woven-training-shorts-5TLtTl/DD1718-476,Nike Dri-FIT Sport Clash,Men's Woven Training Shorts,"2,495","1,997",19.96%
125,https://www.nike.com/in/t/new-orleans-pelicans-statement-edition-2020-jordan-nba-swingman-jersey-2ZdkfT/CV9486-660,New Orleans Pelicans Statement Edition 2020,Jordan NBA Swingman Jersey,"4,995","3,997",19.98%
126,https://www.nike.com/in/t/phantom-gt2-club-mg-multi-ground-football-boots-8tZ2r8/DA5640-167,Nike Phantom GT2 Club MG,Multi-Ground Football Boots,"4,995","3,997",19.98%
127,https://www.nike.com/in/t/acg-air-deschutz-sandals-F6s3mC/DC9092-600,Nike ACG Air Deschutz +,Sandals,"5,995","4,797",19.98%
128,https://www.nike.com/in/t/liverpool-fc-strike-dri-fit-knit-football-shorts-zlWDDx/DB6940-064,Liverpool F.C. Strike,Men's Nike Dri-FIT Knit Football Shorts,"2,495","1,997",19.96%
129,https://www.nike.com/in/t/dri-fit-adv-tiger-woods-golf-polo-M0FcGt/DA3073-068,Nike Dri-FIT ADV Tiger Woods,Men's Golf Polo,"3,695","2,957",19.97%
130,https://www.nike.com/in/t/liverpool-fc-dri-fit-football-polo-ZhMVs9/DB7885-617,Liverpool F.C.,Men's Nike Dri-FIT Football Polo,"3,295","2,637",19.97%
131,https://www.nike.com/in/t/jordan-delta-2-se-shoes-B1p88z/DJ9843-106,Jordan Delta 2 SE,Shoes,"12,495","9,997",19.99%
132,https://www.nike.com/in/t/renew-retaliation-tr-3-training-shoe-bXHHts/DA1350-007,Nike Renew Retaliation TR 3,Men's Training Shoe,"5,995","4,797",19.98%
133,https://www.nike.com/in/t/air-zoom-pegasus-38-road-running-shoes-4PMfGR/DQ4994-010,Nike Air Zoom Pegasus 38,Men's Road Running Shoes,"11,495","9,197",19.99%
134,https://www.nike.com/in/t/sportswear-t-shirt-FzdN0f/DN5146-010,Nike Sportswear,Men's T-Shirt,"2,195","1,757",19.95%
135,https://www.nike.com/in/t/jordan-ls-slides-v8c9t9/CZ0791-201,Jordan LS,Slides,"6,795","5,437",19.99%
136,https://www.nike.com/in/t/sportswear-swoosh-tech-fleece-trousers-l3DTt8/DH1024-010,Nike Sportswear Swoosh Tech Fleece,Men's Trousers,"5,995","4,797",19.98%
137,https://www.nike.com/in/t/yoga-dri-fit-short-sleeve-top-B5P1z2/BV4035-381,Nike Yoga Dri-FIT,Men's Short-Sleeve Top,"2,495","1,997",19.96%
138,https://www.nike.com/in/t/mercurial-vapor-14-club-fg-mg-multi-ground-football-boots-t74W26/CU5692-760,Nike Mercurial Vapor 14 Club FG/MG,Multi-Ground Football Boots,"4,995","3,997",19.98%
139,https://www.nike.com/in/t/dri-fit-short-sleeve-training-top-mbCkbP/DD1968-010,Nike Dri-FIT,Men's Short-Sleeve Training Top,"1,995","1,597",19.95%
140,https://www.nike.com/in/t/sportswear-tech-pack-long-sleeve-top-ZvL6jB/DN3618-827,Nike Sportswear Tech Pack,Men's Long-Sleeve Top,"5,495","4,397",19.98%
141,https://www.nike.com/in/t/sportswear-t-shirt-g8dd3P/DJ4852-010,Nike Sportswear,Men's T-Shirt,"1,795","1,437",19.94%
142,https://www.nike.com/in/t/jordan-delta-2-shoe-8Z0Rkk/CV8121-300,Jordan Delta 2,Men's Shoe,"11,495","9,197",19.99%
143,https://www.nike.com/in/t/heritage-waistpack-FPhDtm/DB0488-017,Nike,Heritage Waistpack,"1,395","1,117",19.93%
144,https://www.nike.com/in/t/heritage-waistpack-FPhDtm/DB0488-017,Nike,Heritage Waistpack,"1,395","1,117",19.93%
145,https://www.nike.com/in/t/dri-fit-adv-run-division-short-sleeve-running-top-5g22BM/DM4644-610,Nike Dri-FIT ADV Run Division,Men's Short-Sleeve Running Top,"4,695","3,757",19.98%
146,https://www.nike.com/in/t/kyrie-irving-nets-statement-edition-2020-jordan-nba-swingman-jersey-f8Qf6h/CV9469-008,Kyrie Irving Nets Statement Edition 2020,Jordan NBA Swingman Jersey,"4,995","3,997",19.98%
147,https://www.nike.com/in/t/air-woven-trousers-dnKHkZ/DM5216-012,Nike Air,Men's Woven Trousers,"5,695","4,557",19.98%
148,https://www.nike.com/in/t/acg-air-mowabb-shoes-mrNQ8S/DC9554-201,Nike ACG Air Mowabb,Shoes,"14,495","11,597",19.99%
149,https://www.nike.com/in/t/fc-football-hoodie-CN3pS9/DC9076-407,Nike F.C.,Men's Football Hoodie,"3,395","2,717",19.97%
150,https://www.nike.com/in/t/burrow-slipper-57g87N/DC1456-300,Nike Burrow,Men's Slipper,"3,995","3,197",19.97%
151,https://www.nike.com/in/t/sb-bruin-react-t-skate-shoes-NW3Z6B/CV5980-700,Nike SB Bruin React T,Skate Shoes,"8,295","6,637",19.99%
152,https://www.nike.com/in/t/air-t-shirt-KMCx5c/DM6340-010,Nike Air,Men's T-Shirt,"2,195","1,757",19.95%
153,https://www.nike.com/in/t/philadelphia-76ers-city-edition-dri-fit-nba-swingman-jersey-mGJ4bL/DB4041-419,Philadelphia 76ers City Edition,Nike Dri-FIT NBA Swingman Jersey,"6,495","5,197",19.98%
154,https://www.nike.com/in/t/brooklyn-nets-diamond-icon-edition-dri-fit-nba-swingman-jersey-hJCbwX/DB3563-018,Brooklyn Nets Diamond Icon Edition,Nike Dri-FIT NBA Swingman Jersey,"6,495","5,197",19.98%
155,https://www.nike.com/in/t/dri-fit-sport-clash-short-sleeve-training-top-gpt4k7/DD1900-010,Nike Dri-FIT Sport Clash,Men's Short-Sleeve Training Top,"2,495","1,997",19.96%
156,https://www.nike.com/in/t/jordan-jumpman-fleece-shorts-Bxj6tg/DJ0186-010,Jordan Jumpman,Men's Fleece Shorts,"3,495","2,797",19.97%
157,https://www.nike.com/in/t/lebron-basketball-t-shirt-hHr28s/DN2902-010,Nike LeBron,Men's Basketball T-Shirt,"1,795","1,437",19.94%
158,https://www.nike.com/in/t/mercurial-superfly-8-elite-fg-football-boots-K5G1RM/DJ2839-484,Nike Mercurial Superfly 8 Elite FG,Firm-Ground Football Boot,"21,995","17,597",20.00%
159,https://www.nike.com/in/t/lebron-sfg-long-sleeve-t-shirt-6vCpRS/DN2906-010,LeBron SFG,Men's Long-Sleeve T-Shirt,"2,195","1,757",19.95%
160,https://www.nike.com/in/t/sportswear-tech-pack-unlined-bomber-jacket-7xpVQH/DM5502-215,Nike Sportswear Storm-FIT Tech Pack,Men's Unlined Bomber Jacket,"13,995","11,197",19.99%
161,https://www.nike.com/in/t/dri-fit-training-t-shirt-DwTR13/DH0221-200,Nike Dri-FIT,Men's Training T-Shirt,"2,195","1,757",19.95%
162,https://www.nike.com/in/t/jordan-jumpman-fleece-crew-sweatshirt-t0Tshm/DJ0240-652,Jordan Jumpman,Men's Fleece Crew Sweatshirt,"3,995","3,197",19.97%
163,https://www.nike.com/in/t/zoom-span-4-road-running-shoes-XNCTk5/DC8996-001,Nike Zoom Span 4,Men's Road Running Shoes,"7,195","5,757",19.99%
164,https://www.nike.com/in/t/serena-williams-design-crew-graphic-tennis-t-shirt-MZJMCG/DJ6073-671,Serena Williams Design Crew,Graphic Tennis T-Shirt,"2,195","1,757",19.95%
165,https://www.nike.com/in/t/sportswear-utility-patch-beanie-FvCClB/DM8310-010,Nike Sportswear,Utility Patch Beanie,"1,695","1,357",19.94%
166,https://www.nike.com/in/t/sportswear-woven-utility-shorts-bGSGGX/DM6840-335,Nike Sportswear,Men's Woven Utility Shorts,"3,495","2,797",19.97%
167,https://www.nike.com/in/t/sportswear-t-shirt-C6nhJk/DD3371-063,Nike Sportswear,Men's T-Shirt,"1,595","1,277",19.94%
168,https://www.nike.com/in/t/jordan-zoom-separate-pf-basketball-shoes-kGPg2r/DH0248-002,Jordan Zoom Separate PF,Basketball Shoes,"9,295","7,437",19.99%
169,https://www.nike.com/in/t/serena-williams-design-crew-graphic-tennis-t-shirt-HLbqXx/DJ6071-121,Serena Williams Design Crew,Graphic Tennis T-Shirt,"2,195","1,757",19.95%
170,https://www.nike.com/in/t/strike-football-nHHCsP/DC2376-105,Nike Strike,Football,"1,995","1,597",19.95%
171,https://www.nike.com/in/t/air-max-pre-day-be-true-shoes-vrnrD7/DD3025-400,Nike Air Max Pre-Day Be True,Shoes,"11,495","9,197",19.99%
172,https://www.nike.com/in/t/sportswear-windrunner-hooded-jacket-VRVMZ4/DA0002-343,Nike Sportswear Windrunner,Men's Hooded Jacket,"5,495","4,397",19.98%
173,https://www.nike.com/in/t/pro-1-2-zip-training-hoodie-cqjGqq/DM5537-010,Nike Pro,Men's 1/2-Zip Training Hoodie,"6,495","5,197",19.98%
174,https://www.nike.com/in/t/air-vapormax-2021-fk-shoes-kqB536/DC9394-001,Nike Air VaporMax 2021 FK,Men's Shoes,"17,595","14,077",19.99%
175,https://www.nike.com/in/t/jordan-flight-heritage-cargo-trousers-sgLxPc/DC7450-284,Jordan Flight Heritage,Men's Cargo Trousers,"7,495","5,997",19.99%
176,https://www.nike.com/in/t/react-metcon-turbo-training-shoes-V0kjXQ/CT1243-006,Nike React Metcon Turbo,Training Shoes,"13,495","10,797",19.99%
177,https://www.nike.com/in/t/jordan-jumpman-long-sleeve-t-shirt-7hzHMs/DH8806-100,Jordan Jumpman,Men's Long-Sleeve T-Shirt,"2,895","2,317",19.97%
178,https://www.nike.com/in/t/free-terra-vista-shoes-hCMkgg/CZ1757-700,Nike Free Terra Vista,Men's Shoes,"10,295","8,237",19.99%
179,https://www.nike.com/in/t/dri-fit-basketball-shorts-WzV8TF/CV1913-657,Nike Dri-FIT,Men's Basketball Shorts,"1,795","1,437",19.94%
180,https://www.nike.com/in/t/sb-skate-t-shirt-8PN9P5/DM2258-010,Nike SB,Skate T-Shirt,"2,195","1,757",19.95%
181,https://www.nike.com/in/t/liverpool-fc-strike-dri-fit-short-sleeve-football-top-2VXf5d/DB6917-017,Liverpool F.C. Strike,Men's Nike Dri-FIT Short-Sleeve Football Top,"2,495","1,997",19.96%
182,https://www.nike.com/in/t/nikecourt-dri-fit-adv-rafa-short-sleeve-tennis-top-72g3WD/DM4268-010,NikeCourt Dri-FIT ADV Rafa,Men's Short-Sleeve Tennis Top,"5,295","4,237",19.98%
183,https://www.nike.com/in/t/dallas-mavericks-city-edition-dri-fit-nba-swingman-jersey-tHpP6w/DB4023-100,Dallas Mavericks City Edition,Nike Dri-FIT NBA Swingman Jersey,"6,495","5,197",19.98%
184,https://www.nike.com/in/t/sb-force-58-skate-shoe-HNFTvl/CZ2959-003,Nike SB Force 58,Skate Shoe,"5,995","4,797",19.98%
185,https://www.nike.com/in/t/waffle-one-se-shoe-8Qm3Hr/DD8014-001,Nike Waffle One SE,Men's Shoe,"8,295","6,637",19.99%
186,https://www.nike.com/in/t/dri-fit-miler-wild-run-short-sleeve-printed-running-top-3PksHG/DD5277-415,Nike Dri-FIT Miler Wild Run,Men's Short-Sleeve Printed Running Top,"1,995","1,597",19.95%
187,https://www.nike.com/in/t/lebron-witness-6-ep-basketball-shoes-RCsGNc/DC8994-100,LeBron Witness 6 EP,Basketball Shoes,"8,295","6,637",19.99%
188,https://www.nike.com/in/t/lebron-ix-shoes-c5cxC1/DO5838-001,Nike LeBron IX,Men's Shoes,"18,695","14,957",19.99%
189,https://www.nike.com/in/t/sb-skate-top-VmWzzP/DH2661-100,Nike SB,Skate Top,"3,995","3,197",19.97%
190,https://www.nike.com/in/t/dri-fit-sport-clash-woven-1-2-zip-training-hoodie-qQ652l/DD1724-010,Nike Dri-FIT Sport Clash,Men's Woven 1/2-Zip Training Hoodie,"4,995","3,997",19.98%
191,https://www.nike.com/in/t/sb-dri-fit-skate-chino-trousers-0CTxSp/DH2905-325,Nike SB Dri-FIT,Skate Chino Trousers,"3,995","3,197",19.97%
192,https://www.nike.com/in/t/dri-fit-training-t-shirt-GVJ4pj/DM5670-010,Nike Dri-FIT,Men's Training T-Shirt,"1,595","1,277",19.94%
193,https://www.nike.com/in/t/lil-penny-basketball-t-shirt-MSSbjh/DM2446-010,Nike Lil' Penny,Men's Basketball T-Shirt,"2,195","1,757",19.95%
194,https://www.nike.com/in/t/sportswear-swoosh-woven-lined-jacket-8LTHZR/DD5968-212,Nike Sportswear Swoosh,Men's Woven Lined Jacket,"6,995","5,597",19.99%
195,https://www.nike.com/in/t/windrunner-trail-running-jacket-xNJSZK/CZ9055-869,Nike Windrunner,Men's Trail Running Jacket,"7,995","6,397",19.99%
196,https://www.nike.com/in/t/sportswear-essentials-t-shirt-K9vnhV/DO7393-808,Nike Sportswear Premium Essentials,Men's T-Shirt,"2,495","1,997",19.96%
197,https://www.nike.com/in/t/dri-fit-flex-woven-training-shorts-npjtqb/DD2004-058,Nike Dri-FIT,Men's Flex Woven Training Shorts,"2,395","1,917",19.96%
198,https://www.nike.com/in/t/sportswear-woven-trousers-JCmDBv/DM6859-010,Nike Sportswear,Men's Woven Trousers,"3,995","3,197",19.97%
199,https://www.nike.com/in/t/waffle-trainer-2-shoes-PjJcsg/DQ4995-010,Nike Waffle Trainer 2,Men's Shoes,"8,895","7,117",19.99%
200,https://www.nike.com/in/t/nikecourt-dri-fit-adv-rafa-18cm-tennis-shorts-MkhwzR/DM4287-010,NikeCourt Dri-FIT ADV Rafa,Men's 18cm (approx.) Tennis Shorts,"3,495","2,797",19.97%
201,https://www.nike.com/in/t/jordan-essentials-woven-jacket-TsW2BP/DA9832-010,Jordan Essentials,Men's Woven Jacket,"5,495","4,397",19.98%
202,https://www.nike.com/in/t/jordan-sport-dna-long-sleeve-t-shirt-hlkM7d/DC9771-100,Jordan Sport DNA,Men's Long-Sleeve T-Shirt,"2,495","1,997",19.96%
203,https://www.nike.com/in/t/air-zoom-victory-tour-2-golf-shoes-jKRbHX/DJ6569-001,Nike Air Zoom Victory Tour 2,Golf Shoes,"16,995","13,597",19.99%
204,https://www.nike.com/in/t/air-woven-lined-jacket-VPMPVj/DM5214-012,Nike Air,Men's Woven Lined Jacket,"7,995","6,397",19.99%
205,https://www.nike.com/in/t/air-max-pre-day-shoes-QGrZLw/DH4638-400,Nike Air Max Pre-Day,Men's Shoes,"12,995","10,397",19.99%
206,https://www.nike.com/in/t/phantom-gt2-elite-fg-football-boot-rbb5D9/DM0732-003,Nike Phantom GT2 Elite FG,Firm-Ground Football Boot,"22,995","18,397",20.00%
207,https://www.nike.com/in/t/yoga-trousers-3rHBtL/CU7379-010,Nike Yoga,Men's Trousers,"4,295","3,437",19.98%
208,https://www.nike.com/in/t/blazer-mid-77-shoe-9SvVxB/DC3433-400,Nike Blazer Mid '77,Men's Shoe,"9,295","7,437",19.99%
209,https://www.nike.com/in/t/sport-clash-training-hoodie-R0CGhq/DD1891-010,Nike Therma-FIT Sport Clash,Men's Full-Zip Training Hoodie,"3,995","3,197",19.97%
210,https://www.nike.com/in/t/zion-tracksuit-bottoms-7dB4td/DJ5879-010,Zion,Men's Tracksuit Bottoms,"5,995","4,797",19.98%
211,https://www.nike.com/in/t/sportswear-t-shirt-c9vp6d/DN5178-100,Nike Sportswear,Men's T-Shirt,"2,195","1,757",19.95%
212,https://www.nike.com/in/t/sportswear-t-shirt-XbvzTB/DM2387-017,Nike Sportswear,Men's T-Shirt,"1,795","1,437",19.94%
213,https://www.nike.com/in/t/react-infinity-run-flyknit-2-road-running-shoes-JPNbfX/DJ5395-100,Nike React Infinity Run Flyknit 2,Men's Road Running Shoes,"14,495","11,597",19.99%
214,https://www.nike.com/in/t/offline-2-mule-ZH6FSs/CZ0332-201,Nike Offline 2.0,Men's Mule,"11,495","9,197",19.99%
215,https://www.nike.com/in/t/sb-shane-skate-shoes-KQCZjV/DC8902-200,Nike SB Shane Premium,Skate Shoes,"7,195","5,757",19.99%
216,https://www.nike.com/in/t/sportswear-style-essentials-woven-unlined-cargo-trousers-Pj943D/DD7035-073,Nike Sportswear Style Essentials,Men's Woven Unlined Cargo Trousers,"4,995","3,997",19.98%
217,https://www.nike.com/in/t/pro-dri-fit-superset-sport-clash-short-sleeve-training-top-H7mZLt/DD1716-350,Nike Pro Dri-FIT SuperSet Sport Clash,Men's Short-Sleeve Training Top,"1,995","1,597",19.95%
218,https://www.nike.com/in/t/nikecourt-zoom-pro-hard-court-tennis-shoes-nlG4Pg/DH0618-136,NikeCourt Zoom Pro,Men's Hard Court Tennis Shoes,"8,895","7,117",19.99%
219,https://www.nike.com/in/t/waffle-trainer-2-shoe-6sm8c5/DJ6054-101,Nike Waffle Trainer 2,Men's Shoe,"8,895","7,117",19.99%
220,https://www.nike.com/in/t/kd14-seasonal-ep-basketball-shoes-KW3Kc8/DC9380-001,KD14 Seasonal EP,Basketball Shoes,"13,495","10,797",19.99%
221,https://www.nike.com/in/t/jordan-23-engineered-tracksuit-jacket-dC1sZ3/DJ0255-100,Jordan 23 Engineered,Men's Tracksuit Jacket,"8,995","7,197",19.99%
222,https://www.nike.com/in/t/nikecourt-dri-fit-slam-tennis-top-NBLGt9/DD8308-100,NikeCourt Dri-FIT Slam,Men's Tennis Top,"4,695","3,757",19.98%
223,https://www.nike.com/in/t/sportswear-t-shirt-1Xwrgs/DJ1394-010,Nike Sportswear,Men's T-Shirt,"1,795","1,437",19.94%
224,https://www.nike.com/in/t/dri-fit-miler-wild-run-short-sleeve-printed-running-top-7mWZbq/DD5320-045,Nike Dri-FIT Miler Wild Run,Men's Short-Sleeve Printed Running Top,"2,495","1,997",19.96%
225,https://www.nike.com/in/t/phantom-gt2-dynamic-fit-elite-fg-football-boots-c2H8s5/CZ9889-415,Nike Phantom GT2 Dynamic Fit Elite FG,Firm-Ground Football Boot,"21,995","17,597",20.00%
226,https://www.nike.com/in/t/zion-long-sleeve-shooting-top-JFJSmk/DJ5871-010,Zion,Men's Long-Sleeve Shooting Top,"3,995","3,197",19.97%
227,https://www.nike.com/in/t/air-huarache-shoes-fg69qQ/DD1068-003,Nike Air Huarache,Men's Shoes,"10,295","8,237",19.99%
228,https://www.nike.com/in/t/sportswear-woven-bomber-jacket-Vrk2b7/DM5613-084,Nike Sportswear,Men's Woven Bomber Jacket,"7,295","5,837",19.99%
229,https://www.nike.com/in/t/liverpool-fc-football-jacket-LZZpMD/DB7822-617,Liverpool F.C.,Men's Full-Zip Football Jacket,"5,495","4,397",19.98%
230,https://www.nike.com/in/t/dri-fit-nathan-bell-running-t-shirt-0Hj5NW/AO0624-734,Nike Dri-FIT Nathan Bell,Men's Running T-Shirt,"1,795","1,437",19.94%
231,https://www.nike.com/in/t/air-max-2021-shoes-MljWq1/DH4245-002,Nike Air Max 2021,Men's Shoes,"14,495","11,597",19.99%
232,https://www.nike.com/in/t/dri-fit-lil-penny-basketball-jersey-HzKBvD/DA5992-100,Nike Dri-FIT Lil' Penny,Men's Premium Basketball Jersey,"5,695","4,557",19.98%
233,https://www.nike.com/in/t/jordan-why-not-zer04-basketball-shoes-GNMwp9/DD4887-600,Jordan 'Why Not?' Zer0.4,Basketball Shoes,"11,495","9,197",19.99%
234,https://www.nike.com/in/t/lebron-space-jam-a-new-legacy-tune-squad-varsity-jacket-BNtHVX/DJ3892-010,LeBron x Space Jam: A New Legacy 'Tune Squad',Men's Nike Varsity Jacket,"10,995","8,797",19.99%
235,https://www.nike.com/in/t/air-zoom-tempo-next-flyease-easy-on-off-road-running-shoes-40pJSQ/CV1889-700,Nike Air Zoom Tempo NEXT% FlyEase,Men's Easy On/Off Road Running Shoes,"17,595","14,077",19.99%
236,https://www.nike.com/in/t/fc-barcelona-away-dri-fit-pre-match-football-top-xCZh8g/DH2007-452,F.C. Barcelona Away,Men's Nike Dri-FIT Pre-Match Football Top,"3,695","2,957",19.97%
237,https://www.nike.com/in/t/dri-fit-blood-sweat-basketball-basketball-t-shirt-p3clzb/DN2977-010,"Nike Dri-FIT ""Blood, Sweat, Basketball""",Men's Basketball T-Shirt,"1,595","1,277",19.94%
238,https://www.nike.com/in/t/nikecourt-dri-fit-advantage-tennis-polo-5VTt2P/CV2500-010,NikeCourt Dri-FIT Advantage,Men's Tennis Polo,"2,795","2,237",19.96%
239,https://www.nike.com/in/t/utility-trail-running-beanie-bsPslx/DM8460-010,Nike Utility,Trail Running Beanie,"1,595","1,277",19.94%
240,https://www.nike.com/in/t/air-huarache-le-shoes-wCfbvV/DH8143-200,Nike Air Huarache LE,Men's Shoes,"10,295","8,237",19.99%
241,https://www.nike.com/in/t/phantom-gt2-elite-fg-football-boot-wRNH0g/CZ9890-121,Nike Phantom GT2 Elite FG,Firm-Ground Football Boot,"21,995","17,597",20.00%
242,https://www.nike.com/in/t/dri-fit-rival-basketball-shorts-XX43K9/CV1924-014,Nike Dri-FIT Rival,Men's Basketball Shorts,"1,595","1,277",19.94%
243,https://www.nike.com/in/t/lebron-space-jam-a-new-legacy-tune-squad-dri-fit-shorts-ztXwsZ/DJ3870-434,"LeBron x Space Jam: A New Legacy ""Tune Squad""",Men's Nike Dri-FIT Shorts,"3,695","2,957",19.97%
244,https://www.nike.com/in/t/academy-over-calf-football-socks-3LZwVZ/SX4120-401,Nike Academy,Over-The-Calf Football Socks,595,447,24.87%
245,https://www.nike.com/in/t/zion-1-pf-basketball-shoes-bHGvxg/DA3129-300,Zion 1 PF,Basketball Shoes,"10,295","8,237",19.99%
246,https://www.nike.com/in/t/superrep-go-2-training-shoe-WjvDPd/CZ0604-074,Nike SuperRep Go 2,Men's Training Shoe,"8,295","6,637",19.99%
247,https://www.nike.com/in/t/dri-fit-run-division-challenger-brief-lined-running-shorts-RjLPBG/DM4710-610,Nike Dri-FIT Run Division Challenger,Men's Brief-Lined Running Shorts,"2,495","1,997",19.96%
248,https://www.nike.com/in/t/liverpool-fc-football-t-shirt-3CFVT7/DD9741-612,Liverpool F.C.,Men's Football T-Shirt,"1,595","1,277",19.94%
249,https://www.nike.com/in/t/sportswear-tech-pack-unlined-woven-cargo-trousers-mKvTRF/DM5539-259,Nike Sportswear Tech Pack,Men's Unlined Woven Cargo Trousers,"7,695","6,157",19.99%
250,https://www.nike.com/in/t/zion-hoodie-c7tHkF/DJ5869-010,Zion,Men's Hoodie,"3,995","3,197",19.97%
251,https://www.nike.com/in/t/liverpool-fc-t-shirt-QbCDfM/DB4654-010,Liverpool F.C.,Men's T-Shirt,"1,795","1,437",19.94%
252,https://www.nike.com/in/t/air-force-1-07-shoes-McM853/DC8891-001,Nike Air Force 1 '07 Premium,Men's Shoes,"11,495","9,197",19.99%
253,https://www.nike.com/in/t/acg-polartec-wolf-tree-pullover-hoodie-BjNLhx/CV0643-368,Nike ACG PolartecÂ® 'Wolf Tree',Men's Pullover Hoodie,"6,495","5,197",19.98%
254,https://www.nike.com/in/t/training-trousers-T84sjx/CU4950-010,Nike,Men's Training Trousers,"2,495","1,997",19.96%
255,https://www.nike.com/in/t/sportswear-french-terry-pullover-hoodie-kRDQGK/DQ5296-256,Nike Sportswear,Men's French Terry Pullover Hoodie,"3,695","2,957",19.97%
256,https://www.nike.com/in/t/sb-ishod-wair-skate-trousers-TZ3Rfj/DN4992-010,Nike SB Ishod Wair,Skate Trousers,"3,995","3,197",19.97%
257,https://www.nike.com/in/t/air-zoom-rival-fly-3-road-racing-shoes-XbhTCL/CT2405-700,Nike Air Zoom Rival Fly 3,Men's Road Racing Shoes,"8,195","6,557",19.99%
258,https://www.nike.com/in/t/paris-saint-germain-long-sleeve-t-shirt-6m7trQ/DJ0409-051,Paris Saint-Germain,Men's Long-Sleeve T-Shirt,"2,695","2,157",19.96%
259,https://www.nike.com/in/t/speedrep-training-shoe-3XGMTG/CU3579-002,Nike SpeedRep,Men's Training Shoe,"7,195","5,757",19.99%
260,https://www.nike.com/in/t/dri-fit-adv-acg-steeple-rock-1-2-zip-base-layer-rbJdVM/DM6223-325,Nike Dri-FIT ADV ACG 'Steeple Rock',Men's 1/2 Zip Base Layer,"4,695","3,757",19.98%
261,https://www.nike.com/in/t/dri-fit-adv-run-division-3-in-1-running-shorts-fTKWbD/DM4633-010,Nike Dri-FIT ADV Run Division,Men's 3-In-1 Running Shorts,"5,995","4,797",19.98%
262,https://www.nike.com/in/t/football-top-QMK7nk/DC8980-492,Nike,Men's Football Top,"1,495","1,197",19.93%
263,https://www.nike.com/in/t/wildhorse-7-trail-running-shoes-XdK82N/CZ1856-001,Nike Wildhorse 7,Men's Trail Running Shoes,"10,295","8,237",19.99%
264,https://www.nike.com/in/t/air-max-96-2-shoes-6l7J5T/DB0251-500,Nike Air Max 96 2,Men's Shoes,"14,495","11,597",19.99%
265,https://www.nike.com/in/t/acg-kelley-ridge-2-crew-socks-N3zLZ2/DA2599-634,Nike ACG 'Kelley Ridge' 2.0,Crew Socks,"1,295","1,037",19.92%
266,https://www.nike.com/in/t/phantom-gt2-academy-tf-football-shoes-nGfq8s/DC0803-570,Nike Phantom GT2 Academy TF,Turf Football Shoes,"7,995","6,397",19.99%
267,https://www.nike.com/in/t/dri-fit-long-sleeve-trail-running-t-shirt-vz90r1/DM5426-469,Nike Dri-FIT,Men's Long-Sleeve Trail Running T-Shirt,"2,495","1,997",19.96%
268,https://www.nike.com/in/t/sportswear-sport-essentials-t-shirt-LKp9cc/DM6378-100,Nike Sportswear Sport Essentials+,Men's T-Shirt,"1,795","1,437",19.94%
269,https://www.nike.com/in/t/goalkeeper-match-football-gloves-0S4K6P/CQ7799-010,Nike Goalkeeper Match,Football Gloves,"1,795","1,437",19.94%
270,https://www.nike.com/in/t/polo-polo-lPwHnX/DA3091-690,The Nike Polo,Men's Polo,"2,995","2,397",19.97%
271,https://www.nike.com/in/t/dri-fit-uv-run-division-miler-graphic-short-sleeve-top-fBlhQQ/DM4712-548,Nike Dri-FIT UV Run Division Miler,Men's Graphic Short-Sleeve Top,"2,495","1,997",19.96%
272,https://www.nike.com/in/t/dri-fit-strike-football-top-RPqx8K/DH8698-407,Nike Dri-FIT Strike,Men's Football Top,"1,995","1,597",19.95%
273,https://www.nike.com/in/t/sportswear-tech-pack-woven-unlined-overalls-D6n71W/DM5598-060,Nike Sportswear Tech Pack,Men's Woven Unlined Overalls,"9,295","7,437",19.99%
274,https://www.nike.com/in/t/sportswear-sport-essentials-woven-flow-shorts-3zgS9g/DD4800-403,Nike Sportswear Sport Essentials+,Men's Woven Flow Shorts,"2,795","2,237",19.96%
275,https://www.nike.com/in/t/dri-fit-run-division-rise-365-short-sleeve-running-top-5p4lz3/DM4637-548,Nike Dri-FIT Run Division Rise 365,Men's Short-Sleeve Running Top,"3,195","2,557",19.97%
276,https://www.nike.com/in/t/liverpool-fc-dri-fit-pre-match-football-top-T3jzz9/DB7627-017,Liverpool F.C.,Men's Nike Dri-FIT Pre-Match Football Top,"3,695","2,957",19.97%
277,https://www.nike.com/in/t/dri-fit-uv-run-division-miler-graphic-long-sleeve-top-4kvs1v/DM4708-010,Nike Dri-FIT UV Run Division Miler,Men's Graphic Long-Sleeve Top,"2,595","2,077",19.96%
278,https://www.nike.com/in/t/lebron-19-basketball-shoes-pbfCF3/CZ0203-001,LeBron 19,Basketball Shoes,"17,595","14,077",19.99%
